insert into habilidade (id, descricao) values (1, 'SQL');
insert into habilidade (id, descricao) values (2, 'Orientação a Objetos');
insert into habilidade (id, descricao) values (3, 'Programação em Java');
insert into habilidade (id, descricao) values (4, 'DevOps');
insert into habilidade (id, descricao) values (5, 'Git');
insert into cargo (id, descricao, tempo_minimo) values (1, 'Analista de Sistemas Senior', 5);
insert into cargo (id, descricao, tempo_minimo) values (2, 'Analista de Sistemas Pleno', 3);
insert into cargo (id, descricao, tempo_minimo) values (3, 'Analista de Sistemas Junior', 2);
insert into cargo (id, descricao, tempo_minimo) values (4, 'Analista Devops Pleno', 9);
insert into cargo (id, descricao, tempo_minimo) values (5, 'Analista Devops Senior', 7);
insert into cargo_habilidade (id, cargo_id, habilidade_id) values (1, 1, 1);
insert into cargo_habilidade (id, cargo_id, habilidade_id) values (2, 1, 2);
insert into cargo_habilidade (id, cargo_id, habilidade_id) values (3, 1, 3);
insert into cargo_habilidade (id, cargo_id, habilidade_id) values (4, 1, 5);
insert into cargo_habilidade (id, cargo_id, habilidade_id) values (5, 2, 2);
insert into cargo_habilidade (id, cargo_id, habilidade_id) values (6, 2, 3);
insert into cargo_habilidade (id, cargo_id, habilidade_id) values (7, 2, 5);
insert into cargo_habilidade (id, cargo_id, habilidade_id) values (8, 3, 2);
insert into cargo_habilidade (id, cargo_id, habilidade_id) values (9, 3, 5);
insert into cargo_habilidade (id, cargo_id, habilidade_id) values (10, 4, 4);
insert into cargo_habilidade (id, cargo_id, habilidade_id) values (11, 5, 4);
insert into cargo_habilidade (id, cargo_id, habilidade_id) values (12, 5, 5);
